test_data,ddhq_id,year,office_type,state,county,district,fips,dem_name,rep_name,ind_name,green_name,percent_precincts_reporting,dem_votes,rep_votes,ind_votes,green_votes,dem_votes_percent,rep_votes_percent,ind_votes_percent,green_votes_percent,margin_votes,margin_percent,absentee_percent,absentee_margin
,,2016,Governor,DE,Kent,0,10001,,,,,100,35955,34777,,,49.7,48.0,,,1178,1.7,,
,,2016,Governor,DE,New Castle,0,10003,,,,,100,165973,77839,,,66.2,31.0,,,88134,35.2,,
,,2016,Governor,DE,Sussex,0,10005,,,,,100,46476,54236,,,45.2,52.8,,,-7760,-7.6,,
,,2016,Governor,IN,Adams,0,18001,,,,,100,4272,8408,,,32.7,64.4,,,-4136,-31.7,,
,,2016,Governor,IN,Allen,0,18003,,,,,100,61879,80458,,,42.1,54.8,,,-18579,-12.7,,
,,2016,Governor,IN,Bartholomew,0,18005,,,,,100,11869,19063,,,37.0,59.5,,,-7194,-22.5,,
,,2016,Governor,IN,Benton,0,18007,,,,,100,1201,2318,,,32.7,63.2,,,-1117,-30.5,,
,,2016,Governor,IN,Blackford,0,18009,,,,,100,1857,2719,,,38.8,56.8,,,-862,-18.0,,
,,2016,Governor,IN,Boone,0,18011,,,,,100,11868,19269,,,36.9,59.9,,,-7401,-23.0,,
,,2016,Governor,IN,Brown,0,18013,,,,,100,3201,4488,,,40.2,56.4,,,-1287,-16.2,,
,,2016,Governor,IN,Carroll,0,18015,,,,,100,2923,5381,,,33.8,62.2,,,-2458,-28.4,,
,,2016,Governor,IN,Cass,0,18017,,,,,100,5662,8059,,,39.8,56.6,,,-2397,-16.8,,
,,2016,Governor,IN,Clark,0,18019,,,,,100,20293,28440,,,40.3,56.5,,,-8147,-16.2,,
,,2016,Governor,IN,Clay,0,18021,,,,,100,4260,6457,,,38.5,58.4,,,-2197,-19.9,,
,,2016,Governor,IN,Clinton,0,18023,,,,,100,4120,7126,,,35.3,61.1,,,-3006,-25.8,,
,,2016,Governor,IN,Crawford,0,18025,,,,,100,1924,2381,,,43.1,53.4,,,-457,-10.3,,
,,2016,Governor,IN,Daviess,0,18027,,,,,100,4049,6460,,,37.7,60.2,,,-2411,-22.5,,
,,2016,Governor,IN,Dearborn,0,18029,,,,,100,5936,16606,,,25.6,71.5,,,-10670,-45.9,,
,,2016,Governor,IN,Decatur,0,18031,,,,,100,3291,7231,,,30.4,66.8,,,-3940,-36.4,,
,,2016,Governor,IN,Dekalb,0,18033,,,,,100,5340,10501,,,32.2,63.4,,,-5161,-31.2,,
,,2016,Governor,IN,Delaware,0,18035,,,,,100,22195,20777,,,49.7,46.6,,,1418,3.1,,
,,2016,Governor,IN,Dubois,0,18037,,,,,100,8171,10821,,,40.9,54.2,,,-2650,-13.3,,
,,2016,Governor,IN,Elkhart,0,18039,,,,,100,23749,40161,,,36.1,61.0,,,-16412,-24.9,,
,,2016,Governor,IN,Fayette,0,18041,,,,,100,3369,5485,,,36.2,59.0,,,-2116,-22.8,,
,,2016,Governor,IN,Floyd,0,18043,,,,,100,15176,20783,,,41.0,56.2,,,-5607,-15.2,,
,,2016,Governor,IN,Fountain,0,18045,,,,,100,2404,4792,,,32.2,64.1,,,-2388,-31.9,,
,,2016,Governor,IN,Franklin,0,18047,,,,,100,2697,7795,,,25.1,72.5,,,-5098,-47.4,,
,,2016,Governor,IN,Fulton,0,18049,,,,,100,2977,5142,,,35.4,61.1,,,-2165,-25.7,,
,,2016,Governor,IN,Gibson,0,18051,,,,,100,5969,9203,,,38.5,59.3,,,-3234,-20.8,,
,,2016,Governor,IN,Grant,0,18053,,,,,100,9257,14928,,,36.9,59.6,,,-5671,-22.7,,
,,2016,Governor,IN,Greene,0,18055,,,,,100,6610,6834,,,48.1,49.7,,,-224,-1.6,,
,,2016,Governor,IN,Hamilton,0,18057,,,,,100,60176,90381,,,38.9,58.4,,,-30205,-19.5,,
,,2016,Governor,IN,Hancock,0,18059,,,,,100,12350,22681,,,34.0,62.5,,,-10331,-28.5,,
,,2016,Governor,IN,Harrison,0,18061,,,,,100,6303,11690,,,34.2,63.5,,,-5387,-29.3,,
,,2016,Governor,IN,Hendricks,0,18063,,,,,100,27180,45207,,,36.4,60.6,,,-18027,-24.2,,
,,2016,Governor,IN,Henry,0,18065,,,,,100,7551,10769,,,37.6,53.6,,,-3218,-16.0,,
,,2016,Governor,IN,Howard,0,18067,,,,,100,15812,19903,,,42.7,53.8,,,-4091,-11.1,,
,,2016,Governor,IN,Huntington,0,18069,,,,,100,4941,10092,,,31.4,64.2,,,-5151,-32.8,,
,,2016,Governor,IN,Jackson,0,18071,,,,,100,5613,11320,,,32.3,65.1,,,-5707,-32.8,,
,,2016,Governor,IN,Jasper,0,18073,,,,,100,4730,8086,,,35.8,61.3,,,-3356,-25.5,,
,,2016,Governor,IN,Jay,0,18075,,,,,100,2935,4603,,,37.6,58.9,,,-1668,-21.3,,
,,2016,Governor,IN,Jefferson,0,18077,,,,,100,5373,7505,,,40.6,56.8,,,-2132,-16.2,,
,,2016,Governor,IN,Jennings,0,18079,,,,,100,3609,7089,,,32.7,64.2,,,-3480,-31.5,,
,,2016,Governor,IN,Johnson,0,18081,,,,,100,22263,42465,,,33.4,63.6,,,-20202,-30.2,,
,,2016,Governor,IN,Knox,0,18083,,,,,100,8597,6511,,,55.8,42.3,,,2086,13.5,,
,,2016,Governor,IN,Kosciusko,0,18085,,,,,100,8454,22296,,,26.4,69.6,,,-13842,-43.2,,
,,2016,Governor,IN,Lagrange,0,18087,,,,,100,2951,6316,,,30.7,65.7,,,-3365,-35.0,,
,,2016,Governor,IN,Lake,0,18089,,,,,100,127491,64997,,,64.7,33.0,,,62494,31.7,,
,,2016,Governor,IN,La Porte,0,18091,,,,,100,24139,18465,,,54.5,41.7,,,5674,12.8,,
,,2016,Governor,IN,Lawrence,0,18093,,,,,100,6402,11683,,,34.3,62.6,,,-5281,-28.3,,
,,2016,Governor,IN,Madison,0,18095,,,,,100,24041,27579,,,44.8,51.4,,,-3538,-6.6,,
,,2016,Governor,IN,Marion,0,18097,,,,,100,226116,127462,,,62.1,35.0,,,98654,27.1,,
,,2016,Governor,IN,Marshall,0,18099,,,,,100,6772,10481,,,38.0,58.8,,,-3709,-20.8,,
,,2016,Governor,IN,Martin,0,18101,,,,,100,1823,2829,,,38.2,59.3,,,-1006,-21.1,,
,,2016,Governor,IN,Miami,0,18103,,,,,100,4596,8094,,,34.7,61.1,,,-3498,-26.4,,
,,2016,Governor,IN,Monroe,0,18105,,,,,100,36304,19915,,,62.4,34.3,,,16389,28.1,,
,,2016,Governor,IN,Montgomery,0,18107,,,,,100,5201,9412,,,34.3,62.1,,,-4211,-27.8,,
,,2016,Governor,IN,Morgan,0,18109,,,,,100,9356,20430,,,30.3,66.1,,,-11074,-35.8,,
,,2016,Governor,IN,Newton,0,18111,,,,,100,2066,3484,,,35.9,60.5,,,-1418,-24.6,,
,,2016,Governor,IN,Noble,0,18113,,,,,100,5512,10475,,,33.2,63.0,,,-4963,-29.8,,
,,2016,Governor,IN,Ohio,0,18115,,,,,100,996,1805,,,34.8,63.1,,,-809,-28.3,,
,,2016,Governor,IN,Orange,0,18117,,,,,100,2971,4827,,,37.0,60.1,,,-1856,-23.1,,
,,2016,Governor,IN,Owen,0,18119,,,,,100,3073,5085,,,36.2,59.9,,,-2012,-23.7,,
,,2016,Governor,IN,Parke,0,18121,,,,,100,2608,3824,,,39.3,57.6,,,-1216,-18.3,,
,,2016,Governor,IN,Perry,0,18123,,,,,100,4222,3520,,,53.2,44.4,,,702,8.8,,
,,2016,Governor,IN,Pike,0,18125,,,,,100,2671,3114,,,45.2,52.6,,,-443,-7.4,,
,,2016,Governor,IN,Porter,0,18127,,,,,100,41563,32913,,,54.1,42.8,,,8650,11.3,,
,,2016,Governor,IN,Posey,0,18129,,,,,100,5028,7202,,,40.3,57.7,,,-2174,-17.4,,
,,2016,Governor,IN,Pulaski,0,18131,,,,,100,2069,3001,,,39.4,57.1,,,-932,-17.7,,
,,2016,Governor,IN,Putnam,0,18133,,,,,100,5049,9094,,,34.5,62.1,,,-4045,-27.6,,
,,2016,Governor,IN,Randolph,0,18135,,,,,100,3621,6094,,,35.5,59.8,,,-2473,-24.3,,
,,2016,Governor,IN,Ripley,0,18137,,,,,100,3540,8948,,,27.7,70.0,,,-5408,-42.3,,
,,2016,Governor,IN,Rush,0,18139,,,,,100,2440,4393,,,34.2,61.5,,,-1953,-27.3,,
,,2016,Governor,IN,St. Joseph,0,18141,,,,,100,57835,48839,,,52.5,44.4,,,8996,8.1,,
,,2016,Governor,IN,Scott,0,18143,,,,,100,3830,4869,,,42.8,54.4,,,-1039,-11.6,,
,,2016,Governor,IN,Shelby,0,18145,,,,,100,6162,10998,,,34.5,61.6,,,-4836,-27.1,,
,,2016,Governor,IN,Spencer,0,18147,,,,,100,4030,5511,,,41.2,56.4,,,-1481,-15.2,,
,,2016,Governor,IN,Starke,0,18149,,,,,100,3903,4694,,,43.5,52.4,,,-791,-8.9,,
,,2016,Governor,IN,Steuben,0,18151,,,,,100,4917,9180,,,33.7,62.9,,,-4263,-29.2,,
,,2016,Governor,IN,Sullivan,0,18153,,,,,100,4720,3623,,,55.4,42.5,,,1097,12.9,,
,,2016,Governor,IN,Switzerland,0,18155,,,,,100,1379,2116,,,38.4,58.9,,,-737,-20.5,,
,,2016,Governor,IN,Tippecanoe,0,18157,,,,,100,30234,30141,,,48.2,48.1,,,93,0.1,,
,,2016,Governor,IN,Tipton,0,18159,,,,,100,2492,4712,,,33.4,63.1,,,-2220,-29.7,,
,,2016,Governor,IN,Union,0,18161,,,,,100,936,2179,,,28.7,66.8,,,-1243,-38.1,,
,,2016,Governor,IN,Vanderburgh,0,18163,,,,,100,32370,38188,,,44.7,52.7,,,-5818,-8.0,,
,,2016,Governor,IN,Vermillion,0,18165,,,,,100,3339,3279,,,48.6,47.7,,,60,0.9,,
,,2016,Governor,IN,Vigo,0,18167,,,,,100,21841,16772,,,55.0,42.2,,,5069,12.8,,
,,2016,Governor,IN,Wabash,0,18169,,,,,100,4262,8636,,,32.0,64.9,,,-4374,-32.9,,
,,2016,Governor,IN,Warren,0,18171,,,,,100,1260,2538,,,32.1,64.7,,,-1278,-32.6,,
,,2016,Governor,IN,Warrick,0,18173,,,,,100,11434,17418,,,38.8,59.1,,,-5984,-20.3,,
,,2016,Governor,IN,Washington,0,18175,,,,,100,3593,7293,,,32.0,65.0,,,-3700,-33.0,,
,,2016,Governor,IN,Wayne,0,18177,,,,,100,9518,13472,,,37.0,52.4,,,-3954,-15.4,,
,,2016,Governor,IN,Wells,0,18179,,,,,100,3902,8766,,,29.8,66.9,,,-4864,-37.1,,
,,2016,Governor,IN,White,0,18181,,,,,100,3586,6074,,,35.7,60.5,,,-2488,-24.8,,
,,2016,Governor,IN,Whitley,0,18183,,,,,100,4933,9972,,,31.8,64.2,,,-5039,-32.4,,
,,2016,Governor,MO,Adair,0,29001,,,,,100,4145,5762,,,40.6,56.5,,,-1617,-15.9,,
,,2016,Governor,MO,Andrew,0,29003,,,,,100,3176,5771,,,34.8,63.2,,,-2595,-28.4,,
,,2016,Governor,MO,Atchison,0,29005,,,,,100,842,1746,,,31.5,65.2,,,-904,-33.7,,
,,2016,Governor,MO,Audrain,0,29007,,,,,100,3836,5831,,,38.2,58.1,,,-1995,-19.9,,
,,2016,Governor,MO,Barry,0,29009,,,,,100,4161,9943,,,28.5,68.1,,,-5782,-39.6,,
,,2016,Governor,MO,Barton,0,29011,,,,,100,1203,4553,,,20.4,77.2,,,-3350,-56.8,,
,,2016,Governor,MO,Bates,0,29013,,,,,100,2989,4772,,,37.4,59.6,,,-1783,-22.2,,
,,2016,Governor,MO,Benton,0,29015,,,,,100,3199,6047,,,33.5,63.4,,,-2848,-29.9,,
,,2016,Governor,MO,Bollinger,0,29017,,,,,100,1416,4051,,,25.2,72.2,,,-2635,-47.0,,
,,2016,Governor,MO,Boone,0,29019,,,,,100,45396,34106,,,54.9,41.3,,,11290,13.6,,
,,2016,Governor,MO,Buchanan,0,29021,,,,,100,15628,18714,,,43.9,52.6,,,-3086,-8.7,,
,,2016,Governor,MO,Butler,0,29023,,,,,100,4039,12598,,,23.7,73.8,,,-8559,-50.1,,
,,2016,Governor,MO,Caldwell,0,29025,,,,,100,1443,2726,,,33.4,63.1,,,-1283,-29.7,,
,,2016,Governor,MO,Callaway,0,29027,,,,,100,7340,11149,,,38.2,58.0,,,-3809,-19.8,,
,,2016,Governor,MO,Camden,0,29029,,,,,100,6686,15050,,,29.8,67.1,,,-8364,-37.3,,
,,2016,Governor,MO,Cape Girardeau,0,29031,,,,,100,11539,24209,,,31.3,65.7,,,-12670,-34.4,,
,,2016,Governor,MO,Carroll,0,29033,,,,,100,1392,2837,,,32.0,65.3,,,-1445,-33.3,,
,,2016,Governor,MO,Carter,0,29035,,,,,100,651,2051,,,23.2,73.1,,,-1400,-49.9,,
,,2016,Governor,MO,Cass,0,29037,,,,,100,20713,28571,,,40.6,56.1,,,-7858,-15.5,,
,,2016,Governor,MO,Cedar,0,29039,,,,,100,1667,4415,,,26.5,70.3,,,-2748,-43.8,,
,,2016,Governor,MO,Chariton,0,29041,,,,,100,1523,2364,,,38.4,59.6,,,-841,-21.2,,
,,2016,Governor,MO,Christian,0,29043,,,,,100,11593,28618,,,27.9,69.0,,,-17025,-41.1,,
,,2016,Governor,MO,Clark,0,29045,,,,,100,1144,2053,,,34.7,62.3,,,-909,-27.6,,
,,2016,Governor,MO,Clay,0,29047,,,,,100,52429,53883,,,47.7,49.0,,,-1454,-1.3,,
,,2016,Governor,MO,Clinton,0,29049,,,,,100,3861,6030,,,37.8,59.0,,,-2169,-21.2,,
,,2016,Governor,MO,Cole,0,29051,,,,,100,15806,20872,,,42.1,55.6,,,-5066,-13.5,,
,,2016,Governor,MO,Cooper,0,29053,,,,,100,2838,4958,,,35.4,61.9,,,-2120,-26.5,,
,,2016,Governor,MO,Crawford,0,29055,,,,,100,2892,5899,,,29.3,59.7,,,-3007,-30.4,,
,,2016,Governor,MO,Dade,0,29057,,,,,100,1112,2720,,,28.2,68.9,,,-1608,-40.7,,
,,2016,Governor,MO,Dallas,0,29059,,,,,100,2211,4943,,,29.8,66.7,,,-2732,-36.9,,
,,2016,Governor,MO,Daviess,0,29061,,,,,100,1301,2300,,,34.9,61.6,,,-999,-26.7,,
,,2016,Governor,MO,Dekalb,0,29063,,,,,100,1413,3061,,,30.8,66.6,,,-1648,-35.8,,
,,2016,Governor,MO,Dent,0,29065,,,,,100,1635,4967,,,24.0,73.1,,,-3332,-49.1,,
,,2016,Governor,MO,Douglas,0,29067,,,,,100,1607,4818,,,24.1,72.3,,,-3211,-48.2,,
,,2016,Governor,MO,Dunklin,0,29069,,,,,100,3014,7253,,,28.9,69.4,,,-4239,-40.5,,
,,2016,Governor,MO,Franklin,0,29071,,,,,100,18756,28069,,,37.4,56.0,,,-9313,-18.6,,
,,2016,Governor,MO,Gasconade,0,29073,,,,,100,2402,4681,,,32.4,63.0,,,-2279,-30.6,,
,,2016,Governor,MO,Gentry,0,29075,,,,,100,1010,1940,,,33.4,64.1,,,-930,-30.7,,
,,2016,Governor,MO,Greene,0,29077,,,,,100,51201,73601,,,39.5,56.8,,,-22400,-17.3,,
,,2016,Governor,MO,Grundy,0,29079,,,,,100,1269,3046,,,28.6,68.6,,,-1777,-40.0,,
,,2016,Governor,MO,Harrison,0,29081,,,,,100,1081,2473,,,29.5,67.5,,,-1392,-38.0,,
,,2016,Governor,MO,Henry,0,29083,,,,,100,3695,5852,,,37.5,59.4,,,-2157,-21.9,,
,,2016,Governor,MO,Hickory,0,29085,,,,,100,1608,2936,,,34.1,62.3,,,-1328,-28.2,,
,,2016,Governor,MO,Holt,0,29087,,,,,100,753,1515,,,32.1,64.7,,,-762,-32.6,,
,,2016,Governor,MO,Howard,0,29089,,,,,100,1944,2727,,,40.3,56.5,,,-783,-16.2,,
,,2016,Governor,MO,Howell,0,29091,,,,,100,4459,12266,,,25.7,70.6,,,-7807,-44.9,,
,,2016,Governor,MO,Iron,0,29093,,,,,100,1497,2600,,,35.0,60.8,,,-1103,-25.8,,
,,2016,Governor,MO,Jackson,0,29095,,,,,100,82240,83918,,,47.6,48.6,,,-1678,-1.0,,
,,2016,Governor,MO,Jasper,0,29097,,,,,100,13236,33436,,,27.4,69.1,,,-20200,-41.7,,
,,2016,Governor,MO,Jefferson,0,29099,,,,,100,45234,56755,,,42.7,53.6,,,-11521,-10.9,,
,,2016,Governor,MO,Johnson,0,29101,,,,,100,8335,12040,,,39.4,56.9,,,-3705,-17.5,,
,,2016,Governor,MO,Knox,0,29103,,,,,100,672,1125,,,36.8,61.6,,,-453,-24.8,,
,,2016,Governor,MO,Laclede,0,29105,,,,,100,4122,11362,,,25.7,71.0,,,-7240,-45.3,,
,,2016,Governor,MO,Lafayette,0,29107,,,,,100,6097,9167,,,38.5,57.8,,,-3070,-19.3,,
,,2016,Governor,MO,Lawrence,0,29109,,,,,100,4482,11565,,,26.9,69.3,,,-7083,-42.4,,
,,2016,Governor,MO,Lewis,0,29111,,,,,100,1491,2815,,,33.6,63.5,,,-1324,-29.9,,
,,2016,Governor,MO,Lincoln,0,29113,,,,,100,9352,14536,,,37.7,58.6,,,-5184,-20.9,,
,,2016,Governor,MO,Linn,0,29115,,,,,100,1986,3414,,,35.7,61.4,,,-1428,-25.7,,
,,2016,Governor,MO,Livingston,0,29117,,,,,100,1992,4189,,,31.4,66.1,,,-2197,-34.7,,
,,2016,Governor,MO,Mcdonald,0,29119,,,,,100,1853,5915,,,22.7,72.5,,,-4062,-49.8,,
,,2016,Governor,MO,Macon,0,29121,,,,,100,2315,5065,,,30.6,67.0,,,-2750,-36.4,,
,,2016,Governor,MO,Madison,0,29123,,,,,100,1707,3405,,,32.2,64.2,,,-1698,-32.0,,
,,2016,Governor,MO,Maries,0,29125,,,,,100,1510,2827,,,33.5,62.7,,,-1317,-29.2,,
,,2016,Governor,MO,Marion,0,29127,,,,,100,4105,8484,,,31.9,65.8,,,-4379,-33.9,,
,,2016,Governor,MO,Mercer,0,29129,,,,,100,455,1224,,,26.6,71.6,,,-769,-45.0,,
,,2016,Governor,MO,Miller,0,29131,,,,,100,3114,7924,,,27.4,69.6,,,-4810,-42.2,,
,,2016,Governor,MO,Mississippi,0,29133,,,,,100,1943,3004,,,38.2,59.1,,,-1061,-20.9,,
,,2016,Governor,MO,Moniteau,0,29135,,,,,100,2256,4351,,,33.2,64.1,,,-2095,-30.9,,
,,2016,Governor,MO,Monroe,0,29137,,,,,100,1367,2659,,,33.1,64.4,,,-1292,-31.3,,
,,2016,Governor,MO,Montgomery,0,29139,,,,,100,1956,3261,,,36.2,60.3,,,-1305,-24.1,,
,,2016,Governor,MO,Morgan,0,29141,,,,,100,2689,5820,,,30.7,66.4,,,-3131,-35.7,,
,,2016,Governor,MO,New Madrid,0,29143,,,,,100,2754,4392,,,37.8,60.3,,,-1638,-22.5,,
,,2016,Governor,MO,Newton,0,29145,,,,,100,6607,19123,,,24.8,71.9,,,-12516,-47.1,,
,,2016,Governor,MO,Nodaway,0,29147,,,,,100,3370,5790,,,35.8,61.5,,,-2420,-25.7,,
,,2016,Governor,MO,Oregon,0,29149,,,,,100,1385,3081,,,30.0,66.8,,,-1696,-36.8,,
,,2016,Governor,MO,Osage,0,29151,,,,,100,2321,4579,,,32.8,64.6,,,-2258,-31.8,,
,,2016,Governor,MO,Ozark,0,29153,,,,,100,1228,3078,,,27.4,68.7,,,-1850,-41.3,,
,,2016,Governor,MO,Pemiscot,0,29155,,,,,100,2209,3534,,,37.6,60.1,,,-1325,-22.5,,
,,2016,Governor,MO,Perry,0,29157,,,,,100,2664,5725,,,30.9,66.4,,,-3061,-35.5,,
,,2016,Governor,MO,Pettis,0,29159,,,,,100,6281,11150,,,34.9,62.0,,,-4869,-27.1,,
,,2016,Governor,MO,Phelps,0,29161,,,,,100,6168,11633,,,33.1,62.5,,,-5465,-29.4,,
,,2016,Governor,MO,Pike,0,29163,,,,,100,2755,4389,,,37.3,59.4,,,-1634,-22.1,,
,,2016,Governor,MO,Platte,0,29165,,,,,100,22973,24738,,,46.6,50.2,,,-1765,-3.6,,
,,2016,Governor,MO,Polk,0,29167,,,,,100,4168,9251,,,30.2,66.9,,,-5083,-36.7,,
,,2016,Governor,MO,Pulaski,0,29169,,,,,100,3862,9060,,,28.8,67.5,,,-5198,-38.7,,
,,2016,Governor,MO,Putnam,0,29171,,,,,100,547,1691,,,23.9,73.8,,,-1144,-49.9,,
,,2016,Governor,MO,Ralls,0,29173,,,,,100,1763,3371,,,33.7,64.5,,,-1608,-30.8,,
,,2016,Governor,MO,Randolph,0,29175,,,,,100,3561,6505,,,34.4,62.8,,,-2944,-28.4,,
,,2016,Governor,MO,Ray,0,29177,,,,,100,4719,5686,,,43.6,52.5,,,-967,-8.9,,
,,2016,Governor,MO,Reynolds,0,29179,,,,,100,879,1969,,,29.6,66.3,,,-1090,-36.7,,
,,2016,Governor,MO,Ripley,0,29181,,,,,100,1311,3959,,,24.2,73.2,,,-2648,-49.0,,
,,2016,Governor,MO,St. Charles,0,29183,,,,,100,85704,109741,,,42.6,54.5,,,-24037,-11.9,,
,,2016,Governor,MO,St. Clair,0,29185,,,,,100,1560,2927,,,33.5,62.9,,,-1367,-29.4,,
,,2016,Governor,MO,Ste. Genevieve,0,29186,,,,,100,3969,4242,,,47.1,50.3,,,-273,-3.2,,
,,2016,Governor,MO,St. Francois,0,29187,,,,,100,9424,14433,,,38.2,58.5,,,-5009,-20.3,,
,,2016,Governor,MO,St. Louis,0,29189,,,,,100,301115,199827,,,58.4,38.8,,,101288,19.6,,
,,2016,Governor,MO,Saline,0,29195,,,,,100,4004,4901,,,43.3,53.0,,,-897,-9.7,,
,,2016,Governor,MO,Schuyler,0,29197,,,,,100,594,1259,,,31.3,66.3,,,-665,-35.0,,
,,2016,Governor,MO,Scotland,0,29199,,,,,100,610,1273,,,31.3,65.3,,,-663,-34.0,,
,,2016,Governor,MO,Scott,0,29201,,,,,100,5412,11323,,,31.5,66.0,,,-5911,-34.5,,
,,2016,Governor,MO,Shannon,0,29203,,,,,100,1322,2365,,,34.3,61.3,,,-1043,-27.0,,
,,2016,Governor,MO,Shelby,0,29205,,,,,100,1037,2143,,,32.0,66.1,,,-1106,-34.1,,
,,2016,Governor,MO,Stoddard,0,29207,,,,,100,3179,9792,,,24.0,73.8,,,-6613,-49.8,,
,,2016,Governor,MO,Stone,0,29209,,,,,100,4135,11920,,,25.1,72.3,,,-7785,-47.2,,
,,2016,Governor,MO,Sullivan,0,29211,,,,,100,787,1642,,,31.7,66.2,,,-855,-34.5,,
,,2016,Governor,MO,Taney,0,29213,,,,,100,5992,16579,,,25.7,71.0,,,-10587,-45.3,,
,,2016,Governor,MO,Texas,0,29215,,,,,100,2918,7659,,,26.6,69.9,,,-4741,-43.3,,
,,2016,Governor,MO,Vernon,0,29217,,,,,100,2621,5699,,,30.7,66.7,,,-3078,-36.0,,
,,2016,Governor,MO,Warren,0,29219,,,,,100,6055,9056,,,38.5,57.6,,,-3001,-19.1,,
,,2016,Governor,MO,Washington,0,29221,,,,,100,3141,5681,,,33.9,61.3,,,-2540,-27.4,,
,,2016,Governor,MO,Wayne,0,29223,,,,,100,1425,4098,,,25.0,72.0,,,-2673,-47.0,,
,,2016,Governor,MO,Webster,0,29225,,,,,100,5039,11149,,,30.1,66.5,,,-6110,-36.4,,
,,2016,Governor,MO,Worth,0,29227,,,,,100,293,714,,,28.2,68.8,,,-421,-40.6,,
,,2016,Governor,MO,Wright,0,29229,,,,,100,1897,5993,,,23.4,73.9,,,-4096,-50.5,,
,,2016,Governor,MO,St. Louis City,0,29510,,,,,100,105242,21385,,,80.4,16.3,,,83857,64.1,,
,,2016,Governor,MT,Beaverhead,0,30001,,,,,100,1989,2880,,,39.6,57.4,,,-891,-17.8,,
,,2016,Governor,MT,Big Horn,0,30003,,,,,100,2724,1497,,,62.4,34.3,,,1227,28.1,,
,,2016,Governor,MT,Blaine,0,30005,,,,,100,1629,1080,,,58.6,38.8,,,549,19.8,,
,,2016,Governor,MT,Broadwater,0,30007,,,,,100,1282,1827,,,39.8,56.7,,,-545,-16.9,,
,,2016,Governor,MT,Carbon,0,30009,,,,,100,2775,3145,,,45.4,51.4,,,-370,-6.0,,
,,2016,Governor,MT,Carter,0,30011,,,,,100,128,650,,,16.1,81.9,,,-522,-65.8,,
,,2016,Governor,MT,Cascade,0,30013,,,,,100,19019,15393,,,53.6,43.4,,,3626,10.2,,
,,2016,Governor,MT,Chouteau,0,30015,,,,,100,1260,1357,,,46.9,50.5,,,-97,-3.6,,
,,2016,Governor,MT,Custer,0,30017,,,,,100,2065,3037,,,39.0,57.3,,,-972,-18.3,,
,,2016,Governor,MT,Daniels,0,30019,,,,,100,289,649,,,29.8,66.8,,,-360,-37.0,,
,,2016,Governor,MT,Dawson,0,30021,,,,,100,1077,3147,,,24.3,71.1,,,-2070,-46.8,,
,,2016,Governor,MT,Deer Lodge,0,30023,,,,,100,3034,1147,,,69.6,26.3,,,1887,43.3,,
,,2016,Governor,MT,Fallon,0,30025,,,,,100,368,1062,,,24.9,71.9,,,-694,-47.0,,
,,2016,Governor,MT,Fergus,0,30027,,,,,100,2176,3657,,,36.1,60.7,,,-1481,-24.6,,
,,2016,Governor,MT,Flathead,0,30029,,,,,100,19202,26384,,,40.5,55.6,,,-7182,-15.1,,
,,2016,Governor,MT,Gallatin,0,30031,,,,,100,30758,22534,,,55.8,40.9,,,8224,14.9,,
,,2016,Governor,MT,Garfield,0,30033,,,,,100,114,603,,,15.6,82.4,,,-489,-66.8,,
,,2016,Governor,MT,Glacier,0,30035,,,,,100,3799,1276,,,73.0,24.5,,,2523,48.5,,
,,2016,Governor,MT,Golden Valley,0,30037,,,,,100,166,308,,,33.9,63.0,,,-142,-29.1,,
,,2016,Governor,MT,Granite,0,30039,,,,,100,790,979,,,43.3,53.6,,,-189,-10.3,,
,,2016,Governor,MT,Hill,0,30041,,,,,100,3811,2642,,,57.3,39.7,,,1169,17.6,,
,,2016,Governor,MT,Jefferson,0,30043,,,,,100,3086,3602,,,44.8,52.3,,,-516,-7.5,,
,,2016,Governor,MT,Judith Basin,0,30045,,,,,100,485,721,,,39.2,58.3,,,-236,-19.1,,
,,2016,Governor,MT,Lake,0,30047,,,,,100,6561,6363,,,48.8,47.3,,,198,1.5,,
,,2016,Governor,MT,Lewis And Clark,0,30049,,,,,100,21363,13296,,,60.1,37.4,,,8067,22.7,,
,,2016,Governor,MT,Liberty,0,30051,,,,,100,378,573,,,38.7,58.6,,,-195,-19.9,,
,,2016,Governor,MT,Lincoln,0,30053,,,,,100,3308,5728,,,35.0,60.7,,,-2420,-25.7,,
,,2016,Governor,MT,Mccone,0,30055,,,,,100,248,798,,,23.2,74.6,,,-550,-51.4,,
,,2016,Governor,MT,Madison,0,30057,,,,,100,1982,2745,,,40.6,56.3,,,-763,-15.7,,
,,2016,Governor,MT,Meagher,0,30059,,,,,100,364,602,,,36.5,60.4,,,-238,-23.9,,
,,2016,Governor,MT,Mineral,0,30061,,,,,100,878,1065,,,42.6,51.6,,,-187,-9.0,,
,,2016,Governor,MT,Missoula,0,30063,,,,,100,39717,19078,,,65.3,31.3,,,20639,34.0,,
,,2016,Governor,MT,Musselshell,0,30065,,,,,100,741,1599,,,30.1,64.9,,,-858,-34.8,,
,,2016,Governor,MT,Park,0,30067,,,,,100,5066,4134,,,53.0,43.3,,,932,9.7,,
,,2016,Governor,MT,Petroleum,0,30069,,,,,100,74,247,,,22.4,74.6,,,-173,-52.2,,
,,2016,Governor,MT,Phillips,0,30071,,,,,100,493,1693,,,22.1,75.9,,,-1200,-53.8,,
,,2016,Governor,MT,Pondera,0,30073,,,,,100,1310,1423,,,46.8,50.8,,,-113,-4.0,,
,,2016,Governor,MT,Powder River,0,30075,,,,,100,257,780,,,24.1,73.2,,,-523,-49.1,,
,,2016,Governor,MT,Powell,0,30077,,,,,100,1103,1639,,,38.7,57.6,,,-536,-18.9,,
,,2016,Governor,MT,Prairie,0,30079,,,,,100,173,501,,,24.7,71.5,,,-328,-46.8,,
,,2016,Governor,MT,Ravalli,0,30081,,,,,100,9455,12713,,,41.1,55.3,,,-3258,-14.2,,
,,2016,Governor,MT,Richland,0,30083,,,,,100,1085,3577,,,22.3,73.6,,,-2492,-51.3,,
,,2016,Governor,MT,Roosevelt,0,30085,,,,,100,2039,1525,,,54.7,40.9,,,514,13.8,,
,,2016,Governor,MT,Rosebud,0,30087,,,,,100,1430,2018,,,40.3,56.9,,,-588,-16.6,,
,,2016,Governor,MT,Sanders,0,30089,,,,,100,2267,3470,,,37.5,57.5,,,-1203,-20.0,,
,,2016,Governor,MT,Sheridan,0,30091,,,,,100,773,1033,,,41.1,54.9,,,-260,-13.8,,
,,2016,Governor,MT,Silver Bow,0,30093,,,,,100,12007,4512,,,70.5,26.5,,,7495,44.0,,
,,2016,Governor,MT,Stillwater,0,30095,,,,,100,1748,3036,,,35.3,61.4,,,-1288,-26.1,,
,,2016,Governor,MT,Sweet Grass,0,30097,,,,,100,706,1385,,,32.9,64.5,,,-679,-31.6,,
,,2016,Governor,MT,Teton,0,30099,,,,,100,1441,1777,,,43.8,54.0,,,-336,-10.2,,
,,2016,Governor,MT,Toole,0,30101,,,,,100,799,1214,,,38.6,58.7,,,-415,-20.1,,
,,2016,Governor,MT,Treasure,0,30103,,,,,100,160,276,,,35.7,61.6,,,-116,-25.9,,
,,2016,Governor,MT,Valley,0,30105,,,,,100,1465,2343,,,37.1,59.3,,,-878,-22.2,,
,,2016,Governor,MT,Wheatland,0,30107,,,,,100,399,547,,,41.3,56.6,,,-148,-15.3,,
,,2016,Governor,MT,Wibaux,0,30109,,,,,100,143,381,,,26.2,69.9,,,-238,-43.7,,
,,2016,Governor,MT,Yellowstone,0,30111,,,,,100,33974,34467,,,47.9,48.6,,,-493,-0.7,,
,,2016,Governor,NH,Belknap,0,33001,,,,,100,14069,18798,,,40.9,54.7,,,-4729,-13.8,,
,,2016,Governor,NH,Carroll,0,33003,,,,,100,12503,15192,,,43.3,52.6,,,-2689,-9.3,,
,,2016,Governor,NH,Cheshire,0,33005,,,,,100,21471,17107,,,53.0,42.2,,,4364,10.8,,
,,2016,Governor,NH,Coos,0,33007,,,,,100,7006,7424,,,46.1,48.9,,,-418,-2.8,,
,,2016,Governor,NH,Grafton,0,33009,,,,,100,27621,19685,,,55.6,39.7,,,7936,15.9,,
,,2016,Governor,NH,Hillsborough,0,33011,,,,,100,95231,103811,,,45.6,49.7,,,-8580,-4.1,,
,,2016,Governor,NH,Merrimack,0,33013,,,,,100,41195,37295,,,50.3,45.5,,,3900,4.8,,
,,2016,Governor,NH,Rockingham,0,33015,,,,,100,74076,94385,,,42.0,53.5,,,-20309,-11.5,,
,,2016,Governor,NH,Strafford,0,33017,,,,,100,34173,29578,,,51.0,44.1,,,4595,6.9,,
,,2016,Governor,NH,Sullivan,0,33019,,,,,100,10244,10765,,,46.4,48.8,,,-521,-2.4,,
,,2016,Governor,NC,Alamance,0,37001,,,,,100,32032,37501,,,45.2,53.0,,,-5469,-7.8,,
,,2016,Governor,NC,Alexander,0,37003,,,,,100,4648,13248,,,25.4,72.5,,,-8600,-47.1,,
,,2016,Governor,NC,Alleghany,0,37005,,,,,100,1643,3583,,,30.9,67.3,,,-1940,-36.4,,
,,2016,Governor,NC,Anson,0,37007,,,,,100,5851,4511,,,55.9,43.1,,,1340,12.8,,
,,2016,Governor,NC,Ashe,0,37009,,,,,100,4304,8834,,,32.1,65.8,,,-4530,-33.7,,
,,2016,Governor,NC,Avery,0,37011,,,,,100,1978,6023,,,24.2,73.5,,,-4045,-49.3,,
,,2016,Governor,NC,Beaufort,0,37013,,,,,100,8855,14610,,,37.2,61.4,,,-5755,-24.2,,
,,2016,Governor,NC,Bertie,0,37015,,,,,100,5504,3700,,,59.4,39.9,,,1804,19.5,,
,,2016,Governor,NC,Bladen,0,37017,,,,,100,7263,8312,,,46.1,52.7,,,-1049,-6.6,,
,,2016,Governor,NC,Brunswick,0,37019,,,,,100,25285,40726,,,37.4,60.3,,,-15441,-22.9,,
,,2016,Governor,NC,Buncombe,0,37021,,,,,100,81877,51874,,,59.3,37.6,,,30003,21.7,,
,,2016,Governor,NC,Burke,0,37023,,,,,100,13372,24466,,,34.5,63.2,,,-11094,-28.7,,
,,2016,Governor,NC,Cabarrus,0,37025,,,,,100,37918,52530,,,40.8,56.6,,,-14612,-15.8,,
,,2016,Governor,NC,Caldwell,0,37027,,,,,100,10055,25173,,,27.8,69.6,,,-15118,-41.8,,
,,2016,Governor,NC,Camden,0,37029,,,,,100,1361,3410,,,27.8,69.5,,,-2049,-41.7,,
,,2016,Governor,NC,Carteret,0,37031,,,,,100,10687,26095,,,28.4,69.5,,,-15408,-41.1,,
,,2016,Governor,NC,Caswell,0,37033,,,,,100,5035,5762,,,46.0,52.6,,,-727,-6.6,,
,,2016,Governor,NC,Catawba,0,37035,,,,,100,23766,46269,,,33.1,64.4,,,-22503,-31.3,,
,,2016,Governor,NC,Chatham,0,37037,,,,,100,22097,17052,,,55.4,42.8,,,5045,12.6,,
,,2016,Governor,NC,Cherokee,0,37039,,,,,100,3712,9717,,,26.8,70.1,,,-6005,-43.3,,
,,2016,Governor,NC,Chowan,0,37041,,,,,100,2990,4079,,,41.9,57.1,,,-1089,-15.2,,
,,2016,Governor,NC,Clay,0,37043,,,,,100,1690,4029,,,28.8,68.6,,,-2339,-39.8,,
,,2016,Governor,NC,Cleveland,0,37045,,,,,100,16114,27548,,,36.3,62.0,,,-11434,-25.7,,
,,2016,Governor,NC,Columbus,0,37047,,,,,100,9316,13740,,,39.9,58.8,,,-4424,-18.9,,
,,2016,Governor,NC,Craven,0,37049,,,,,100,17814,27926,,,38.2,59.9,,,-10112,-21.7,,
,,2016,Governor,NC,Cumberland,0,37051,,,,,100,70449,52762,,,55.9,41.8,,,17687,14.1,,
,,2016,Governor,NC,Currituck,0,37053,,,,,100,3156,8851,,,25.5,71.5,,,-5695,-46.0,,
,,2016,Governor,NC,Dare,0,37055,,,,,100,8086,10702,,,41.9,55.4,,,-2616,-13.5,,
,,2016,Governor,NC,Davidson,0,37057,,,,,100,21945,50860,,,29.5,68.3,,,-28915,-38.8,,
,,2016,Governor,NC,Davie,0,37059,,,,,100,6438,14721,,,29.7,67.9,,,-8283,-38.2,,
,,2016,Governor,NC,Duplin,0,37061,,,,,100,8180,12269,,,39.6,59.3,,,-4089,-19.7,,
,,2016,Governor,NC,Durham,0,37063,,,,,100,122137,30720,,,78.6,19.8,,,91417,58.8,,
,,2016,Governor,NC,Edgecombe,0,37065,,,,,100,16162,8389,,,65.3,33.9,,,7773,31.4,,
,,2016,Governor,NC,Forsyth,0,37067,,,,,100,99689,73589,,,56.2,41.5,,,26100,14.7,,
,,2016,Governor,NC,Franklin,0,37069,,,,,100,13849,15900,,,45.6,52.4,,,-2051,-6.8,,
,,2016,Governor,NC,Gaston,0,37071,,,,,100,33708,60006,,,35.2,62.6,,,-26298,-27.4,,
,,2016,Governor,NC,Gates,0,37073,,,,,100,2338,2875,,,44.2,54.3,,,-537,-10.1,,
,,2016,Governor,NC,Graham,0,37075,,,,,100,1144,2760,,,28.4,68.4,,,-1616,-40.0,,
,,2016,Governor,NC,Granville,0,37077,,,,,100,13528,13308,,,49.6,48.8,,,220,0.8,,
,,2016,Governor,NC,Greene,0,37079,,,,,100,3602,4383,,,44.7,54.4,,,-781,-9.7,,
,,2016,Governor,NC,Guilford,0,37081,,,,,100,155692,94467,,,60.9,37.0,,,61225,23.9,,
,,2016,Governor,NC,Halifax,0,37083,,,,,100,16021,8830,,,64.0,35.3,,,7191,28.7,,
,,2016,Governor,NC,Harnett,0,37085,,,,,100,17666,27122,,,38.5,59.2,,,-9456,-20.7,,
,,2016,Governor,NC,Haywood,0,37087,,,,,100,12864,16625,,,42.2,54.6,,,-3761,-12.4,,
,,2016,Governor,NC,Henderson,0,37089,,,,,100,22459,33599,,,39.0,58.3,,,-11140,-19.3,,
,,2016,Governor,NC,Hertford,0,37091,,,,,100,6681,3243,,,66.8,32.4,,,3438,34.4,,
,,2016,Governor,NC,Hoke,0,37093,,,,,100,9688,7799,,,53.9,43.4,,,1889,10.5,,
,,2016,Governor,NC,Hyde,0,37095,,,,,100,1011,1257,,,44.1,54.8,,,-246,-10.7,,
,,2016,Governor,NC,Iredell,0,37097,,,,,100,28585,50923,,,34.9,62.2,,,-22338,-27.3,,
,,2016,Governor,NC,Jackson,0,37099,,,,,100,9205,8782,,,49.5,47.3,,,423,2.2,,
,,2016,Governor,NC,Johnston,0,37101,,,,,100,31182,52921,,,36.4,61.8,,,-21739,-25.4,,
,,2016,Governor,NC,Jones,0,37103,,,,,100,2050,2998,,,40.1,58.7,,,-948,-18.6,,
,,2016,Governor,NC,Lee,0,37105,,,,,100,11369,13017,,,45.6,52.2,,,-1648,-6.6,,
,,2016,Governor,NC,Lenoir,0,37107,,,,,100,12458,13882,,,46.8,52.1,,,-1424,-5.3,,
,,2016,Governor,NC,Lincoln,0,37109,,,,,100,11331,27558,,,28.4,69.2,,,-16227,-40.8,,
,,2016,Governor,NC,Mcdowell,0,37111,,,,,100,6022,13049,,,30.7,66.4,,,-7027,-35.7,,
,,2016,Governor,NC,Macon,0,37113,,,,,100,6279,10715,,,35.8,61.2,,,-4436,-25.4,,
,,2016,Governor,NC,Madison,0,37115,,,,,100,4796,6049,,,43.0,54.2,,,-1253,-11.2,,
,,2016,Governor,NC,Martin,0,37117,,,,,100,5783,6015,,,48.7,50.6,,,-232,-1.9,,
,,2016,Governor,NC,Mecklenburg,0,37119,,,,,100,297129,160501,,,63.3,34.2,,,136628,29.1,,
,,2016,Governor,NC,Mitchell,0,37121,,,,,100,1998,5822,,,24.9,72.6,,,-3824,-47.7,,
,,2016,Governor,NC,Montgomery,0,37123,,,,,100,4658,6656,,,40.5,57.9,,,-1998,-17.4,,
,,2016,Governor,NC,Moore,0,37125,,,,,100,17794,29688,,,36.7,61.2,,,-11894,-24.5,,
,,2016,Governor,NC,Nash,0,37127,,,,,100,24646,22486,,,51.7,47.2,,,2160,4.5,,
,,2016,Governor,NC,New Hanover,0,37129,,,,,100,56370,51105,,,50.9,46.2,,,5265,4.7,,
,,2016,Governor,NC,Northampton,0,37131,,,,,100,6101,3617,,,62.3,37.0,,,2484,25.3,,
,,2016,Governor,NC,Onslow,0,37133,,,,,100,17994,36688,,,31.9,65.1,,,-18694,-33.2,,
,,2016,Governor,NC,Orange,0,37135,,,,,100,61344,19153,,,74.8,23.4,,,42191,51.4,,
,,2016,Governor,NC,Pamlico,0,37137,,,,,100,2466,4261,,,36.1,62.4,,,-1795,-26.3,,
,,2016,Governor,NC,Pasquotank,0,37139,,,,,100,8774,8071,,,51.1,47.0,,,703,4.1,,
,,2016,Governor,NC,Pender,0,37141,,,,,100,10187,16622,,,37.1,60.5,,,-6435,-23.4,,
,,2016,Governor,NC,Perquimans,0,37143,,,,,100,2356,4160,,,35.7,63.1,,,-1804,-27.4,,
,,2016,Governor,NC,Person,0,37145,,,,,100,8400,10770,,,43.1,55.3,,,-2370,-12.2,,
,,2016,Governor,NC,Pitt,0,37147,,,,,100,41916,36705,,,52.4,45.9,,,5211,6.5,,
,,2016,Governor,NC,Polk,0,37149,,,,,100,4302,6225,,,39.9,57.8,,,-1923,-17.9,,
,,2016,Governor,NC,Randolph,0,37151,,,,,100,16374,46370,,,25.5,72.2,,,-29996,-46.7,,
,,2016,Governor,NC,Richmond,0,37153,,,,,100,8948,9844,,,46.8,51.5,,,-896,-4.7,,
,,2016,Governor,NC,Robeson,0,37155,,,,,100,18536,21305,,,46.1,53.0,,,-2769,-6.9,,
,,2016,Governor,NC,Rockingham,0,37157,,,,,100,16334,24831,,,38.9,59.1,,,-8497,-20.2,,
,,2016,Governor,NC,Rowan,0,37159,,,,,100,21631,40812,,,33.8,63.7,,,-19181,-29.9,,
,,2016,Governor,NC,Rutherford,0,37161,,,,,100,9512,19672,,,31.8,65.8,,,-10160,-34.0,,
,,2016,Governor,NC,Sampson,0,37163,,,,,100,10566,14935,,,41.0,58.0,,,-4369,-17.0,,
,,2016,Governor,NC,Scotland,0,37165,,,,,100,7351,6091,,,53.9,44.7,,,1260,9.2,,
,,2016,Governor,NC,Stanly,0,37167,,,,,100,8163,21054,,,27.4,70.6,,,-12891,-43.2,,
,,2016,Governor,NC,Stokes,0,37169,,,,,100,6177,15726,,,27.5,70.0,,,-9549,-42.5,,
,,2016,Governor,NC,Surry,0,37171,,,,,100,9624,21714,,,30.1,68.0,,,-12090,-37.9,,
,,2016,Governor,NC,Swain,0,37173,,,,,100,2662,3096,,,44.2,51.4,,,-434,-7.2,,
,,2016,Governor,NC,Transylvania,0,37175,,,,,100,7598,9549,,,43.0,54.0,,,-1951,-11.0,,
,,2016,Governor,NC,Tyrrell,0,37177,,,,,100,704,990,,,40.9,57.5,,,-286,-16.6,,
,,2016,Governor,NC,Union,0,37179,,,,,100,35921,66739,,,34.2,63.5,,,-30818,-29.3,,
,,2016,Governor,NC,Vance,0,37181,,,,,100,12267,7381,,,61.8,37.2,,,4886,24.6,,
,,2016,Governor,NC,Wake,0,37183,,,,,100,315555,199356,,,59.9,37.9,,,116199,22.0,,
,,2016,Governor,NC,Warren,0,37185,,,,,100,6469,3218,,,66.1,32.9,,,3251,33.2,,
,,2016,Governor,NC,Washington,0,37187,,,,,100,3386,2665,,,55.5,43.7,,,721,11.8,,
,,2016,Governor,NC,Watauga,0,37189,,,,,100,15650,13073,,,52.6,43.9,,,2577,8.7,,
,,2016,Governor,NC,Wayne,0,37191,,,,,100,21859,27821,,,43.4,55.2,,,-5962,-11.8,,
,,2016,Governor,NC,Wilkes,0,37193,,,,,100,8280,22246,,,26.6,71.4,,,-13966,-44.8,,
,,2016,Governor,NC,Wilson,0,37195,,,,,100,20471,17161,,,53.8,45.1,,,3310,8.7,,
,,2016,Governor,NC,Yadkin,0,37197,,,,,100,4033,13192,,,22.9,75.0,,,-9159,-52.1,,
,,2016,Governor,NC,Yancey,0,37199,,,,,100,3931,5845,,,39.3,58.4,,,-1914,-19.1,,
,,2016,Governor,ND,Adams,0,38001,,,,,100,135,1049,,,11.1,86.2,,,-914,-75.1,,
,,2016,Governor,ND,Barnes,0,38003,,,,,100,917,4217,,,17.2,79.2,,,-3300,-62.0,,
,,2016,Governor,ND,Benson,0,38005,,,,,100,817,1109,,,40.7,55.3,,,-292,-14.6,,
,,2016,Governor,ND,Billings,0,38007,,,,,100,48,537,,,7.9,88.5,,,-489,-80.6,,
,,2016,Governor,ND,Bottineau,0,38009,,,,,100,595,2768,,,17.1,79.7,,,-2173,-62.6,,
,,2016,Governor,ND,Bowman,0,38011,,,,,100,178,1577,,,9.9,88.0,,,-1399,-78.1,,
,,2016,Governor,ND,Burke,0,38013,,,,,100,122,905,,,11.7,86.5,,,-783,-74.8,,
,,2016,Governor,ND,Burleigh,0,38015,,,,,100,7821,37790,,,16.5,79.7,,,-29969,-63.2,,
,,2016,Governor,ND,Cass,0,38017,,,,,100,18559,57024,,,23.4,71.8,,,-38465,-48.4,,
,,2016,Governor,ND,Cavalier,0,38019,,,,,100,374,1598,,,18.6,79.3,,,-1224,-60.7,,
,,2016,Governor,ND,Dickey,0,38021,,,,,100,404,1945,,,16.8,80.9,,,-1541,-64.1,,
,,2016,Governor,ND,Divide,0,38023,,,,,100,232,939,,,19.1,77.5,,,-707,-58.4,,
,,2016,Governor,ND,Dunn,0,38025,,,,,100,302,1860,,,13.6,83.9,,,-1558,-70.3,,
,,2016,Governor,ND,Eddy,0,38027,,,,,100,489,716,,,39.6,57.9,,,-227,-18.3,,
,,2016,Governor,ND,Emmons,0,38029,,,,,100,185,1738,,,9.4,88.1,,,-1553,-78.7,,
,,2016,Governor,ND,Foster,0,38031,,,,,100,286,1397,,,16.5,80.4,,,-1111,-63.9,,
,,2016,Governor,ND,Golden Valley,0,38033,,,,,100,128,795,,,13.5,83.6,,,-667,-70.1,,
,,2016,Governor,ND,Grand Forks,0,38035,,,,,100,7392,20458,,,25.3,70.0,,,-13066,-44.7,,
,,2016,Governor,ND,Grant,0,38037,,,,,100,152,1209,,,10.9,86.7,,,-1057,-75.8,,
,,2016,Governor,ND,Griggs,0,38039,,,,,100,278,961,,,21.8,75.5,,,-683,-53.7,,
,,2016,Governor,ND,Hettinger,0,38041,,,,,100,143,1104,,,11.1,85.8,,,-961,-74.7,,
,,2016,Governor,ND,Kidder,0,38043,,,,,100,178,1167,,,12.9,84.3,,,-989,-71.4,,
,,2016,Governor,ND,La Moure,0,38045,,,,,100,368,1748,,,17.0,80.7,,,-1380,-63.7,,
,,2016,Governor,ND,Logan,0,38047,,,,,100,96,964,,,8.8,88.4,,,-868,-79.6,,
,,2016,Governor,ND,Mchenry,0,38049,,,,,100,427,2335,,,15.0,81.8,,,-1908,-66.8,,
,,2016,Governor,ND,Mcintosh,0,38051,,,,,100,174,1253,,,11.9,85.9,,,-1079,-74.0,,
,,2016,Governor,ND,Mckenzie,0,38053,,,,,100,563,3889,,,12.3,84.7,,,-3326,-72.4,,
,,2016,Governor,ND,Mclean,0,38055,,,,,100,918,4239,,,17.3,79.8,,,-3321,-62.5,,
,,2016,Governor,ND,Mercer,0,38057,,,,,100,552,3954,,,11.9,85.5,,,-3402,-73.6,,
,,2016,Governor,ND,Morton,0,38059,,,,,100,2411,12589,,,15.4,80.6,,,-10178,-65.2,,
,,2016,Governor,ND,Mountrail,0,38061,,,,,100,1125,2759,,,27.7,68.0,,,-1634,-40.3,,
,,2016,Governor,ND,Nelson,0,38063,,,,,100,500,1185,,,28.7,67.9,,,-685,-39.2,,
,,2016,Governor,ND,Oliver,0,38065,,,,,100,105,890,,,10.3,87.2,,,-785,-76.9,,
,,2016,Governor,ND,Pembina,0,38067,,,,,100,513,2556,,,16.2,80.6,,,-2043,-64.4,,
,,2016,Governor,ND,Pierce,0,38069,,,,,100,394,1641,,,19.0,79.0,,,-1247,-60.0,,
,,2016,Governor,ND,Ramsey,0,38071,,,,,100,1111,4004,,,20.8,75.1,,,-2893,-54.3,,
,,2016,Governor,ND,Ransom,0,38073,,,,,100,546,1722,,,23.2,73.0,,,-1176,-49.8,,
,,2016,Governor,ND,Renville,0,38075,,,,,100,161,1076,,,12.6,84.5,,,-915,-71.9,,
,,2016,Governor,ND,Richland,0,38077,,,,,100,1332,5867,,,17.8,78.2,,,-4535,-60.4,,
,,2016,Governor,ND,Rolette,0,38079,,,,,100,2383,1240,,,63.5,33.0,,,1143,30.5,,
,,2016,Governor,ND,Sargent,0,38081,,,,,100,493,1464,,,24.5,72.7,,,-971,-48.2,,
,,2016,Governor,ND,Sheridan,0,38083,,,,,100,86,678,,,10.9,86.3,,,-592,-75.4,,
,,2016,Governor,ND,Sioux,0,38085,,,,,100,684,438,,,57.0,36.5,,,246,20.5,,
,,2016,Governor,ND,Slope,0,38087,,,,,100,41,376,,,9.6,87.9,,,-335,-78.3,,
,,2016,Governor,ND,Stark,0,38089,,,,,100,1307,10354,,,10.8,85.9,,,-9047,-75.1,,
,,2016,Governor,ND,Steele,0,38091,,,,,100,231,766,,,22.4,74.4,,,-535,-52.0,,
,,2016,Governor,ND,Stutsman,0,38093,,,,,100,1574,7953,,,15.9,80.5,,,-6379,-64.6,,
,,2016,Governor,ND,Towner,0,38095,,,,,100,303,841,,,25.9,71.8,,,-538,-45.9,,
,,2016,Governor,ND,Traill,0,38097,,,,,100,793,2994,,,20.1,76.0,,,-2201,-55.9,,
,,2016,Governor,ND,Walsh,0,38099,,,,,100,787,3613,,,16.8,77.2,,,-2826,-60.4,,
,,2016,Governor,ND,Ward,0,38101,,,,,100,4335,21223,,,16.1,78.8,,,-16888,-62.7,,
,,2016,Governor,ND,Wells,0,38103,,,,,100,355,1970,,,14.9,82.7,,,-1615,-67.8,,
,,2016,Governor,ND,Williams,0,38105,,,,,100,1452,10419,,,11.6,83.6,,,-8967,-72.0,,
,,2016,Governor,OR,Baker,0,41001,,,,,100,2047,6069,,,23.6,69.8,,,-4022,-46.2,,
,,2016,Governor,OR,Benton,0,41003,,,,,100,28043,16543,,,59.3,35.0,,,11500,24.3,,
,,2016,Governor,OR,Clackamas,0,41005,,,,,100,96735,100882,,,46.4,48.4,,,-4147,-2.0,,
,,2016,Governor,OR,Clatsop,0,41007,,,,,100,9667,8425,,,50.4,43.9,,,1242,6.5,,
,,2016,Governor,OR,Columbia,0,41009,,,,,100,11020,12925,,,42.4,49.7,,,-1905,-7.3,,
,,2016,Governor,OR,Coos,0,41011,,,,,100,11500,16889,,,37.4,55.0,,,-5389,-17.6,,
,,2016,Governor,OR,Crook,0,41013,,,,,100,2990,8232,,,24.8,68.4,,,-5242,-43.6,,
,,2016,Governor,OR,Curry,0,41015,,,,,100,4947,6410,,,40.4,52.3,,,-1463,-11.9,,
,,2016,Governor,OR,Deschutes,0,41017,,,,,100,42298,47824,,,44.1,49.8,,,-5526,-5.7,,
,,2016,Governor,OR,Douglas,0,41019,,,,,100,15878,32647,,,30.2,62.0,,,-16769,-31.8,,
,,2016,Governor,OR,Gilliam,0,41021,,,,,100,277,694,,,27.0,67.6,,,-417,-40.6,,
,,2016,Governor,OR,Grant,0,41023,,,,,100,904,3093,,,21.2,72.4,,,-2189,-51.2,,
,,2016,Governor,OR,Harney,0,41025,,,,,100,886,2770,,,22.5,70.2,,,-1884,-47.7,,
,,2016,Governor,OR,Hood River,0,41027,,,,,100,6441,3672,,,60.3,34.4,,,2769,25.9,,
,,2016,Governor,OR,Jackson,0,41029,,,,,100,46803,52259,,,44.2,49.3,,,-5456,-5.1,,
,,2016,Governor,OR,Jefferson,0,41031,,,,,100,3169,5484,,,34.1,59.0,,,-2315,-24.9,,
,,2016,Governor,OR,Josephine,0,41033,,,,,100,15139,24078,,,34.9,55.5,,,-8939,-20.6,,
,,2016,Governor,OR,Klamath,0,41035,,,,,100,8420,19211,,,28.1,64.1,,,-10791,-36.0,,
,,2016,Governor,OR,Lake,0,41037,,,,,100,762,2794,,,19.7,72.4,,,-2032,-52.7,,
,,2016,Governor,OR,Lane,0,41039,,,,,100,103226,72208,,,55.3,38.7,,,31018,16.6,,
,,2016,Governor,OR,Lincoln,0,41041,,,,,100,13212,10084,,,53.1,40.6,,,3128,12.5,,
,,2016,Governor,OR,Linn,0,41043,,,,,100,19156,34539,,,33.3,60.0,,,-15383,-26.7,,
,,2016,Governor,OR,Malheur,0,41045,,,,,100,2436,6966,,,23.9,68.2,,,-4530,-44.3,,
,,2016,Governor,OR,Marion,0,41047,,,,,100,55748,72752,,,41.3,53.9,,,-17004,-12.6,,
,,2016,Governor,OR,Morrow,0,41049,,,,,100,1152,2682,,,27.9,64.9,,,-1530,-37.0,,
,,2016,Governor,OR,Multnomah,0,41051,,,,,100,279210,84139,,,72.9,22.0,,,195071,50.9,,
,,2016,Governor,OR,Polk,0,41053,,,,,100,15960,21847,,,40.1,54.9,,,-5887,-14.8,,
,,2016,Governor,OR,Sherman,0,41055,,,,,100,234,721,,,23.6,72.6,,,-487,-49.0,,
,,2016,Governor,OR,Tillamook,0,41057,,,,,100,6152,6599,,,45.4,48.7,,,-447,-3.3,,
,,2016,Governor,OR,Umatilla,0,41059,,,,,100,8541,16269,,,31.8,60.6,,,-7728,-28.8,,
,,2016,Governor,OR,Union,0,41061,,,,,100,3410,8561,,,26.7,67.1,,,-5151,-40.4,,
,,2016,Governor,OR,Wallowa,0,41063,,,,,100,1253,2837,,,29.1,65.8,,,-1584,-36.7,,
,,2016,Governor,OR,Wasco,0,41065,,,,,100,5057,5874,,,43.2,50.2,,,-817,-7.0,,
,,2016,Governor,OR,Washington,0,41067,,,,,100,143278,102282,,,55.0,39.3,,,40996,15.7,,
,,2016,Governor,OR,Wheeler,0,41069,,,,,100,194,575,,,23.7,70.1,,,-381,-46.4,,
,,2016,Governor,OR,Yamhill,0,41071,,,,,100,18882,25773,,,39.7,54.2,,,-6891,-14.5,,
,,2016,Governor,UT,Beaver,0,49001,,,,,100,324,2033,,,13.1,82.4,,,-1709,-69.3,,
,,2016,Governor,UT,Box Elder,0,49003,,,,,100,2564,16084,,,13.1,81.9,,,-13520,-68.8,,
,,2016,Governor,UT,Cache,0,49005,,,,,100,9025,34553,,,19.7,75.4,,,-25528,-55.7,,
,,2016,Governor,UT,Carbon,0,49007,,,,,100,2034,5574,,,25.6,70.3,,,-3540,-44.7,,
,,2016,Governor,UT,Daggett,0,49009,,,,,100,104,351,,,22.0,74.4,,,-247,-52.4,,
,,2016,Governor,UT,Davis,0,49011,,,,,100,30720,101402,,,22.2,73.2,,,-70682,-51.0,,
,,2016,Governor,UT,Duchesne,0,49013,,,,,100,715,5837,,,10.3,84.3,,,-5122,-74.0,,
,,2016,Governor,UT,Emery,0,49015,,,,,100,483,3638,,,11.3,85.3,,,-3155,-74.0,,
,,2016,Governor,UT,Garfield,0,49017,,,,,100,378,1888,,,16.2,80.7,,,-1510,-64.5,,
,,2016,Governor,UT,Grand,0,49019,,,,,100,2067,2266,,,45.5,49.9,,,-199,-4.4,,
,,2016,Governor,UT,Iron,0,49021,,,,,100,2597,13646,,,14.9,78.1,,,-11049,-63.2,,
,,2016,Governor,UT,Juab,0,49023,,,,,100,487,3483,,,11.8,84.2,,,-2996,-72.4,,
,,2016,Governor,UT,Kane,0,49025,,,,,100,729,2589,,,21.0,74.6,,,-1860,-53.6,,
,,2016,Governor,UT,Millard,0,49027,,,,,100,534,4455,,,10.2,85.5,,,-3921,-75.3,,
,,2016,Governor,UT,Morgan,0,49029,,,,,100,629,4304,,,12.2,83.2,,,-3675,-71.0,,
,,2016,Governor,UT,Piute,0,49031,,,,,100,54,630,,,7.6,88.1,,,-576,-80.5,,
,,2016,Governor,UT,Rich,0,49033,,,,,100,122,948,,,11.0,85.1,,,-826,-74.1,,
,,2016,Governor,UT,Salt Lake,0,49035,,,,,100,181462,218570,,,43.5,52.4,,,-37108,-8.9,,
,,2016,Governor,UT,San Juan,0,49037,,,,,100,1975,3188,,,36.3,58.6,,,-1213,-22.3,,
,,2016,Governor,UT,Sanpete,0,49039,,,,,100,1033,8701,,,10.2,85.5,,,-7668,-75.3,,
,,2016,Governor,UT,Sevier,0,49041,,,,,100,903,7305,,,10.5,85.1,,,-6402,-74.6,,
,,2016,Governor,UT,Summit,0,49043,,,,,100,10162,9595,,,49.7,46.9,,,567,2.8,,
,,2016,Governor,UT,Tooele,0,49045,,,,,100,5425,15030,,,25.0,69.3,,,-9605,-44.3,,
,,2016,Governor,UT,Uintah,0,49047,,,,,100,1388,10697,,,10.9,84.1,,,-9309,-73.2,,
,,2016,Governor,UT,Utah,0,49049,,,,,100,28469,162178,,,14.3,81.2,,,-133709,-66.9,,
,,2016,Governor,UT,Wasatch,0,49051,,,,,100,3125,8552,,,25.8,70.6,,,-5427,-44.8,,
,,2016,Governor,UT,Washington,0,49053,,,,,100,10565,47202,,,17.3,77.2,,,-36637,-59.9,,
,,2016,Governor,UT,Wayne,0,49055,,,,,100,275,1108,,,19.4,78.2,,,-833,-58.8,,
,,2016,Governor,UT,Weber,0,49057,,,,,100,25001,55043,,,29.6,65.2,,,-30042,-35.6,,
,,2016,Governor,VT,Addison,0,50001,,,,,100,8576,10101,,,44.8,52.8,,,-1525,-8.0,,
,,2016,Governor,VT,Bennington,0,50003,,,,,100,8140,8551,,,47.0,49.4,,,-411,-2.4,,
,,2016,Governor,VT,Caledonia,0,50005,,,,,100,4494,9221,,,31.6,64.9,,,-4727,-33.3,,
,,2016,Governor,VT,Chittenden,0,50007,,,,,100,42993,38277,,,51.7,46.0,,,4716,5.7,,
,,2016,Governor,VT,Essex,0,50009,,,,,100,736,2056,,,25.3,70.7,,,-1320,-45.4,,
,,2016,Governor,VT,Franklin,0,50011,,,,,100,6425,14512,,,29.9,67.4,,,-8087,-37.5,,
,,2016,Governor,VT,Grand Isle,0,50013,,,,,100,1422,2615,,,34.3,63.2,,,-1193,-28.9,,
,,2016,Governor,VT,Lamoille,0,50015,,,,,100,5242,7222,,,41.0,56.6,,,-1980,-15.6,,
,,2016,Governor,VT,Orange,0,50017,,,,,100,5901,8459,,,40.0,57.4,,,-2558,-17.4,,
,,2016,Governor,VT,Orleans,0,50019,,,,,100,3299,8291,,,27.3,68.7,,,-4992,-41.4,,
,,2016,Governor,VT,Rutland,0,50021,,,,,100,10155,18443,,,34.3,62.3,,,-8288,-28.0,,
,,2016,Governor,VT,Washington,0,50023,,,,,100,13756,16977,,,43.8,54.0,,,-3221,-10.2,,
,,2016,Governor,VT,Windham,0,50025,,,,,100,13372,8084,,,59.7,36.1,,,5288,23.6,,
,,2016,Governor,VT,Windsor,0,50027,,,,,100,14742,14008,,,49.4,46.9,,,734,2.5,,
,,2016,Governor,WA,Adams,0,53001,,,,,100,1533,3151,,,32.6,67.1,,,-1618,-34.5,,
,,2016,Governor,WA,Asotin,0,53003,,,,,100,4149,5609,,,42.5,57.4,,,-1460,-14.9,,
,,2016,Governor,WA,Benton,0,53005,,,,,100,31128,50730,,,37.9,61.8,,,-19602,-23.9,,
,,2016,Governor,WA,Chelan,0,53007,,,,,100,13866,19934,,,40.9,58.9,,,-6068,-18.0,,
,,2016,Governor,WA,Clallam,0,53009,,,,,100,19354,20108,,,48.9,50.8,,,-754,-1.9,,
,,2016,Governor,WA,Clark,0,53011,,,,,100,96032,103787,,,47.9,51.8,,,-7755,-3.9,,
,,2016,Governor,WA,Columbia,0,53013,,,,,100,688,1491,,,31.5,68.3,,,-803,-36.8,,
,,2016,Governor,WA,Cowlitz,0,53015,,,,,100,19593,26116,,,42.7,57.0,,,-6523,-14.3,,
,,2016,Governor,WA,Douglas,0,53017,,,,,100,5441,10197,,,34.7,65.1,,,-4756,-30.4,,
,,2016,Governor,WA,Ferry,0,53019,,,,,100,1360,2252,,,37.6,62.2,,,-892,-24.6,,
,,2016,Governor,WA,Franklin,0,53021,,,,,100,9731,14387,,,40.3,59.5,,,-4656,-19.2,,
,,2016,Governor,WA,Garfield,0,53023,,,,,100,370,875,,,29.6,70.1,,,-505,-40.5,,
,,2016,Governor,WA,Grant,0,53025,,,,,100,9242,19401,,,32.2,67.5,,,-10159,-35.3,,
,,2016,Governor,WA,Grays Harbor,0,53027,,,,,100,14038,14843,,,48.4,51.2,,,-805,-2.8,,
,,2016,Governor,WA,Island,0,53029,,,,,100,21797,21560,,,50.2,49.6,,,237,0.6,,
,,2016,Governor,WA,Jefferson,0,53031,,,,,100,13399,7049,,,65.2,34.3,,,6350,30.9,,
,,2016,Governor,WA,King,0,53033,,,,,100,677943,321242,,,67.7,32.1,,,356701,35.6,,
,,2016,Governor,WA,Kitsap,0,53035,,,,,100,66392,59762,,,52.5,47.2,,,6630,5.3,,
,,2016,Governor,WA,Kittitas,0,53037,,,,,100,7984,11139,,,41.7,58.1,,,-3155,-16.4,,
,,2016,Governor,WA,Klickitat,0,53039,,,,,100,4517,6260,,,41.8,58.0,,,-1743,-16.2,,
,,2016,Governor,WA,Lewis,0,53041,,,,,100,11163,23539,,,32.1,67.7,,,-12376,-35.6,,
,,2016,Governor,WA,Lincoln,0,53043,,,,,100,1616,4160,,,27.9,71.9,,,-2544,-44.0,,
,,2016,Governor,WA,Mason,0,53045,,,,,100,13126,15365,,,45.9,53.8,,,-2239,-7.9,,
,,2016,Governor,WA,Okanogan,0,53047,,,,,100,7437,9794,,,43.1,56.7,,,-2357,-13.6,,
,,2016,Governor,WA,Pacific,0,53049,,,,,100,5313,5428,,,49.3,50.4,,,-115,-1.1,,
,,2016,Governor,WA,Pend Oreille,0,53051,,,,,100,2520,4364,,,36.5,63.2,,,-1844,-26.7,,
,,2016,Governor,WA,Pierce,0,53053,,,,,100,176825,176287,,,49.9,49.8,,,538,0.1,,
,,2016,Governor,WA,San Juan,0,53055,,,,,100,7509,3356,,,68.9,30.8,,,4153,38.1,,
,,2016,Governor,WA,Skagit,0,53057,,,,,100,28273,28701,,,49.5,50.2,,,-428,-0.7,,
,,2016,Governor,WA,Skamania,0,53059,,,,,100,2476,3094,,,44.3,55.4,,,-618,-11.1,,
,,2016,Governor,WA,Snohomish,0,53061,,,,,100,182544,166770,,,52.1,47.6,,,15774,4.5,,
,,2016,Governor,WA,Spokane,0,53063,,,,,100,106009,124576,,,45.9,53.9,,,-18567,-8.0,,
,,2016,Governor,WA,Stevens,0,53065,,,,,100,7148,15851,,,31.0,68.8,,,-8703,-37.8,,
,,2016,Governor,WA,Thurston,0,53067,,,,,100,71835,59014,,,54.7,44.9,,,12821,9.8,,
,,2016,Governor,WA,Wahkiakum,0,53069,,,,,100,941,1413,,,39.9,59.9,,,-472,-20.0,,
,,2016,Governor,WA,Walla Walla,0,53071,,,,,100,10705,14880,,,41.8,58.1,,,-4175,-16.3,,
,,2016,Governor,WA,Whatcom,0,53073,,,,,100,62634,47953,,,56.4,43.2,,,14681,13.2,,
,,2016,Governor,WA,Whitman,0,53075,,,,,100,8727,8892,,,49.4,50.3,,,-165,-0.9,,
,,2016,Governor,WA,Yakima,0,53077,,,,,100,35162,43016,,,45.0,55.0,,,-7854,-10.0,,
,,2016,Governor,WV,Barbour,0,54001,,,,,100,2701,2928,,,44.3,48.0,,,-227,-3.7,,
,,2016,Governor,WV,Berkeley,0,54003,,,,,100,14879,23103,,,35.6,55.2,,,-8224,-19.6,,
,,2016,Governor,WV,Boone,0,54005,,,,,100,5649,2622,,,64.2,29.8,,,3027,34.4,,
,,2016,Governor,WV,Braxton,0,54007,,,,,100,2959,1765,,,58.7,35.0,,,1194,23.7,,
,,2016,Governor,WV,Brooke,0,54009,,,,,100,4570,4087,,,48.3,43.2,,,483,5.1,,
,,2016,Governor,WV,Cabell,0,54011,,,,,100,18148,12065,,,54.5,36.2,,,6083,18.3,,
,,2016,Governor,WV,Calhoun,0,54013,,,,,100,1193,1157,,,45.6,44.2,,,36,1.4,,
,,2016,Governor,WV,Clay,0,54015,,,,,100,1683,1138,,,55.6,37.6,,,545,18.0,,
,,2016,Governor,WV,Doddridge,0,54017,,,,,100,905,1739,,,31.7,60.9,,,-834,-29.2,,
,,2016,Governor,WV,Fayette,0,54019,,,,,100,9631,4560,,,62.1,29.4,,,5071,32.7,,
,,2016,Governor,WV,Gilmer,0,54021,,,,,100,1195,1116,,,46.6,43.5,,,79,3.1,,
,,2016,Governor,WV,Grant,0,54023,,,,,100,1313,3203,,,27.6,67.4,,,-1890,-39.8,,
,,2016,Governor,WV,Greenbrier,0,54025,,,,,100,8589,4361,,,60.6,30.8,,,4228,29.8,,
,,2016,Governor,WV,Hampshire,0,54027,,,,,100,2537,5239,,,30.1,62.1,,,-2702,-32.0,,
,,2016,Governor,WV,Hancock,0,54029,,,,,100,5322,5992,,,42.8,48.2,,,-670,-5.4,,
,,2016,Governor,WV,Hardy,0,54031,,,,,100,2237,3015,,,40.2,54.2,,,-778,-14.0,,
,,2016,Governor,WV,Harrison,0,54033,,,,,100,14317,11916,,,50.6,42.1,,,2401,8.5,,
,,2016,Governor,WV,Jackson,0,54035,,,,,100,6200,5122,,,50.4,41.7,,,1078,8.7,,
,,2016,Governor,WV,Jefferson,0,54037,,,,,100,9588,11599,,,40.2,48.7,,,-2011,-8.5,,
,,2016,Governor,WV,Kanawha,0,54039,,,,,100,44756,23849,,,58.6,31.2,,,20907,27.4,,
,,2016,Governor,WV,Lewis,0,54041,,,,,100,3222,3294,,,46.2,47.3,,,-72,-1.1,,
,,2016,Governor,WV,Lincoln,0,54043,,,,,100,4141,2534,,,57.6,35.3,,,1607,22.3,,
,,2016,Governor,WV,Logan,0,54045,,,,,100,6781,4497,,,55.5,36.8,,,2284,18.7,,
,,2016,Governor,WV,Mcdowell,0,54047,,,,,100,3459,2493,,,56.1,40.4,,,966,15.7,,
,,2016,Governor,WV,Marion,0,54049,,,,,100,12158,8952,,,52.5,38.6,,,3206,13.9,,
,,2016,Governor,WV,Marshall,0,54051,,,,,100,6491,5696,,,49.5,43.4,,,795,6.1,,
,,2016,Governor,WV,Mason,0,54053,,,,,100,5566,4062,,,54.3,39.6,,,1504,14.7,,
,,2016,Governor,WV,Mercer,0,54055,,,,,100,9323,12662,,,40.3,54.7,,,-3339,-14.4,,
,,2016,Governor,WV,Mineral,0,54057,,,,,100,3485,7047,,,30.4,61.6,,,-3562,-31.2,,
,,2016,Governor,WV,Mingo,0,54059,,,,,100,5168,3699,,,54.9,39.3,,,1469,15.6,,
,,2016,Governor,WV,Monongalia,0,54061,,,,,100,16016,14343,,,44.3,39.7,,,1673,4.6,,
,,2016,Governor,WV,Monroe,0,54063,,,,,100,2797,2562,,,47.7,43.7,,,235,4.0,,
,,2016,Governor,WV,Morgan,0,54065,,,,,100,1929,4764,,,26.0,64.1,,,-2835,-38.1,,
,,2016,Governor,WV,Nicholas,0,54067,,,,,100,5780,3358,,,60.0,34.9,,,2422,25.1,,
,,2016,Governor,WV,Ohio,0,54069,,,,,100,8377,8048,,,46.5,44.7,,,329,1.8,,
,,2016,Governor,WV,Pendleton,0,54071,,,,,100,1335,1568,,,42.3,49.6,,,-233,-7.3,,
,,2016,Governor,WV,Pleasants,0,54073,,,,,100,1713,1288,,,54.0,40.6,,,425,13.4,,
,,2016,Governor,WV,Pocahontas,0,54075,,,,,100,1975,1227,,,53.7,33.3,,,748,20.4,,
,,2016,Governor,WV,Preston,0,54077,,,,,100,3964,6575,,,31.7,52.5,,,-2611,-20.8,,
,,2016,Governor,WV,Putnam,0,54079,,,,,100,13410,9956,,,53.3,39.6,,,3454,13.7,,
,,2016,Governor,WV,Raleigh,0,54081,,,,,100,16841,11140,,,56.5,37.3,,,5701,19.2,,
,,2016,Governor,WV,Randolph,0,54083,,,,,100,5120,4500,,,46.7,41.1,,,620,5.6,,
,,2016,Governor,WV,Ritchie,0,54085,,,,,100,1284,2523,,,31.7,62.2,,,-1239,-30.5,,
,,2016,Governor,WV,Roane,0,54087,,,,,100,2794,2090,,,52.6,39.4,,,704,13.2,,
,,2016,Governor,WV,Summers,0,54089,,,,,100,2727,1793,,,55.2,36.3,,,934,18.9,,
,,2016,Governor,WV,Taylor,0,54091,,,,,100,3005,3102,,,45.5,46.9,,,-97,-1.4,,
,,2016,Governor,WV,Tucker,0,54093,,,,,100,1481,1609,,,42.6,46.3,,,-128,-3.7,,
,,2016,Governor,WV,Tyler,0,54095,,,,,100,1449,1969,,,39.6,53.8,,,-520,-14.2,,
,,2016,Governor,WV,Upshur,0,54097,,,,,100,3726,4716,,,40.5,51.3,,,-990,-10.8,,
,,2016,Governor,WV,Wayne,0,54099,,,,,100,8558,5824,,,55.8,38.0,,,2734,17.8,,
,,2016,Governor,WV,Webster,0,54101,,,,,100,1474,1269,,,49.2,42.3,,,205,6.9,,
,,2016,Governor,WV,Wetzel,0,54103,,,,,100,3234,2545,,,51.5,40.5,,,689,11.0,,
,,2016,Governor,WV,Wirt,0,54105,,,,,100,1171,1106,,,48.2,45.5,,,65,2.7,,
,,2016,Governor,WV,Wood,0,54107,,,,,100,17240,15959,,,48.3,44.7,,,1281,3.6,,
,,2016,Governor,WV,Wyoming,0,54109,,,,,100,4842,2641,,,61.7,33.6,,,2201,28.1,,
